contortrostatin|drug_n
echistatin|drug_n
flavoridin|drug_n
contortrostatin|drug_n
echistatin|drug_n
flavoridin|drug_n
contortrostatin|drug_n
Echistatin|drug_n
contortrostatin|drug_n
contortrostatin|drug_n
Flavoridin|drug_n
contortrostatin|drug_n
contortrostatin|drug_n
gliftor|drug_n
1,3-difluoroacetone|drug_n
(-)-erythro-fluorocitrate|drug_n
1,3-difluoroacetone|drug_n
Gliftor|drug_n
1,3-difluoro-2-propanol|drug_n
1,3-difluoroacetone|drug_n
(-)-erythro-fluorocitrate|drug_n
1,3-difluoroacetone|drug_n
(-)-erythro-fluorocitrate|drug_n
1,3-difluoroacetone|drug_n
(-)-erythro-fluorocitrate|drug_n
1,3-difluoro-2-propanol|drug_n
1,3-difluoro-2-propanol|drug_n
1,3-difluoroacetone|drug_n
(-)-erythro-fluorocitrate|drug_n
1,3-difluoro-2-propanol|drug_n
1,3-difluoro-2-propanol|drug_n
(-)-erythro-fluorocitrate|drug_n
1,3-difluoro-2-propanol|drug_n
1,3-difluoroacetone|drug_n
(-)-erythro-fluorocitrate|drug_n
1,3-difluoro-2-propanol|drug_n
1,3-difluoro-2-propanol|drug_n
1,3-difluoroacetone|drug_n
beta-endorphin|drug_n
beta-endorphin|drug_n
beta-endorphin|drug_n
beta-endorphin|drug_n
beta-endorphin|drug_n
beta-endorphin|drug_n
beta-endorphin|drug_n
beta-endorphin|drug_n
beta-endorphin|drug_n
3-hydroxydesloratadine|drug_n
3-Hydroxydesloratadine|drug_n
3-Hydroxydesloratadine|drug_n
benzyl alcohol|drug_n
Benzyl alcohol|drug_n
hydroxybupropion|drug_n
threohydrobupropion|drug_n
hydroxybupropion|drug_n
threohydrobupropion|drug_n
erythrohydrobupropion|drug_n
hydroxybupropion|drug_n
norfluoxetine|drug_n
fenofibric acid|drug_n
fenofibric acid|drug_n
fenofibric acid|drug_n
desethyloxybutynin|drug_n
fosinoprilat|drug_n
fosinoprilat|drug_n
fosinoprilat|drug_n
Arecoline|drug_n
Clostridium difficile toxin A|drug_n
Clostridium difficile toxin A|drug_n
toxin A|drug_n
Diethyl pyrocarbonate|drug_n
toxin A|drug_n
toxin A|drug_n
diethyl pyrocarbonate|drug_n
toxin A|drug_n
diethyl pyrocarbonate|drug_n
diethyl pyrocarbonate|drug_n
hydroxylamine|drug_n
toxin A|drug_n
toxin A|drug_n
toxin A|drug_n
toxin A|drug_n
toxin A|drug_n
5-oxo-desethylzaleplon|drug_n
5-oxo-desethylzaleplon glucuronide|drug_n
endotoxin|drug_n
endotoxin|drug_n
endotoxin|drug_n
endotoxin|drug_n
endotoxin|drug_n
endotoxin|drug_n
endotoxin|drug_n
endotoxin|drug_n
endotoxin|drug_n
endotoxin|drug_n
endotoxin|drug_n
carbamazepine 10, 11 epoxide|drug_n
tyramine|drug_n
MHD|drug_n
MHD|drug_n
MHD|drug_n
MHD|drug_n
MHD|drug_n
MHD|drug_n
MHD|drug_n
MHD|drug_n
MHD|drug_n
MHD|drug_n
MHD|drug_n
MHD|drug_n
organophosphate insecticide|drug_n
carbamate insecticides|drug_n
4-hydroxytolbutamide|drug_n
carboxytolbutamide|drug_n
4-hydroxytolbutamide|drug_n
carboxytolbutamide|drug_n
N-allylnormetazocine|drug_n
N-allylnormetazocine|drug_n
NANM|drug_n
phencyclidine|drug_n
PCP|drug_n
(+)-NANM|drug_n
PCP|drug_n
(-)-NANM|drug_n
(-)-NANM|drug_n
(-)-NANM|drug_n
(+)-NANM|drug_n
(-)-NANM|drug_n
(+)-NANM|drug_n
(-)-NANM|drug_n
(+)-NANM|drug_n
(-)-NANM|drug_n
(+)-NANM|drug_n
PCP|drug_n
(-)-NANM|drug_n
(-)-NANM|drug_n
(+)-NANM|drug_n
PCP|drug_n
(+)-NANM|drug_n
PCP|drug_n
NANM|drug_n
NANM|drug_n
PCP|drug_n
perindoprilat|drug_n
perindoprilat|drug_n
perindoprilat|drug_n
Ganoderma lucidum extract|drug_n
GL|drug_n
GL|drug_n
GL|drug_n
GL|drug_n
GL|drug_n
ruthenium red|drug_n
ruthenium red|drug_n
RR|drug_n
inositol 1,4,5-trisphosphate|drug_n
InsP(3)|drug_n
InsP(3)|drug_n
InsP(3)|drug_n
RR|drug_n
RR|drug_n
InsP(3)|drug_n
RR|drug_n
RR|drug_n
InsP(3)|drug_n
RR|drug_n
RR|drug_n
InsP(3)|drug_n
palytoxin|drug_n
Palytoxin|drug_n
PTX|drug_n
PTX|drug_n
PTX|drug_n
PTX|drug_n
PTX|drug_n
PTX|drug_n
PTX|drug_n
PTX|drug_n
bentoquatam|drug_n
John's Wort|drug_n
arsenate|drug_n
arsenate|drug_n
As(V)|drug_n
arsenate|drug_n
As(V)|drug_n
As(V)|drug_n
As(V)|drug_n
As(V)|drug_n
As(V)|drug_n
As(V)|drug_n
As(V)|drug_n
arsenate|drug_n
arsenate|drug_n
Jacalin|drug_n
jacalin|drug_n
jacalin|drug_n
jacalin|drug_n
Jacalin|drug_n
desmethyldiazepam|drug_n
4-hydroxytamoxifen|drug_n
TAM|drug_n
TAM|drug_n
TAM|drug_n
TAM|drug_n
copper sulfate|drug_n
DCG-IV|drug_n
L-CCG-1|drug_n
phencyclidine|drug_n
PCP|drug_n
phencyclidine|drug_n
PCP|drug_n
DCG-IV|drug_n
L-CCG-1|drug_n
PCP|drug_n
DCG-IV|drug_n
PCP|drug_n
L-CCG-1|drug_n
PCP|drug_n
PCP|drug_n
PCP|drug_n
DCG-IV|drug_n
L-CCG-1|drug_n
6-deoxy penciclovir|drug_n
phosphorous insecticides|drug_n
SN38|drug_n
SN38|drug_n
MPTP|drug_n
3-[(2-methyl-1,3-thiazol-4-yl) ethynyl] pyridine|drug_n
1-methyl-4-phenyl-1,2,3,6-tetrahydropyridine|drug_n
1-methyl-4-phenyl-1,2,3,6-tetrahydropyridine|drug_n
3-[(2-methyl-1,3-thiazol-4-yl) ethynyl] pyridine|drug_n
1-methyl-4-phenyl-1,2,3,6-tetrahydropyridine|drug_n
3-[(2-methyl-1,3-thiazol-4-yl) ethynyl] pyridine|drug_n
1-methyl-4-phenyl-1,2,3,6-tetrahydropyridine|drug_n
1-methyl-4-phenyl-1,2,3,6-tetrahydropyridine|drug_n
1-methyl-4-phenyl-1,2,3,6-tetrahydropyridine|drug_n
1-methyl-4-phenyl-1,2,3,6-tetrahydropyridine|drug_n
3-[(2-methyl-1,3-thiazol-4-yl) ethynyl] pyridine|drug_n
1-methyl-4-phenyl-1,2,3,6-tetrahydropyridine|drug_n
3-[(2-methyl-1,3-thiazol-4-yl) ethynyl] pyridine|drug_n
1-methyl-4-phenyl-1,2,3,6-tetrahydropyridine|drug_n
3-[(2-methyl-1,3-thiazol-4-yl) ethynyl] pyridine|drug_n
1-methyl-4-phenyl-1,2,3,6-tetrahydropyridine|drug_n
1-methyl-4-phenyl-1,2,3,6-tetrahydropyridine|drug_n
1-methyl-4-phenyl-1,2,3,6-tetrahydropyridine|drug_n
3-[(2-methyl-1,3-thiazol-4-yl) ethynyl] pyridine|drug_n
3-[(2-methyl-1,3-thiazol-4-yl) ethynyl] pyridine|drug_n
1-methyl-4-phenyl-1,2,3,6-tetrahydropyridine|drug_n
phosphate|drug_n
N-desmethyldiazepam|drug_n
N-desmethyldiazepam|drug_n
cerulein|drug_n
3H-spiroperidol|drug_n
pyreneperone|drug_n
3H-spiroperidol|drug_n
3H-spiroperidol|drug_n
cerulein|drug_n
3H-spiroperidol|drug_n
3H-spiroperidol|drug_n
desmethylastemizole|drug_n
descarboethoxyloratadine|drug_n
Indocyanine green|drug_n
heroin|drug_n
heroin|drug_n
phenyltoloxamine|drug_n
phenyramidol|drug_n
phenyramidol|drug_n
6-beta-naltrexol|drug_n
olprinone|drug_n
8-phenyltheophylline|drug_n
8-cyclopentyl-1,3-dipropylxanthine|drug_n
DPCPX|drug_n
CGS 21680|drug_n
N6-cyclopentyladenosine|drug_n
CPA|drug_n
CGS21680|drug_n
DPCPX|drug_n
CPA|drug_n
phencyclidine|drug_n
Phencyclidine|drug_n
PCP|drug_n
PCP|drug_n
PCP|drug_n
PCP|drug_n
PCP|drug_n
PCP|drug_n
PCP|drug_n
PCP|drug_n
PCP|drug_n
trimethyl lead|drug_n
TML|drug_n
TML|drug_n
lead|drug_n
ginseng stem-and-leaf saponins|drug_n
ginseng stem-and-leaf saponins|drug_n
GSLS|drug_n
GSLS|drug_n
GSLS|drug_n
GSLS|drug_n
GSLS|drug_n
GSLS|drug_n
doxorubicinol|drug_n
ethoxycoumarin|drug_n
Mineral Oil|drug_n
mineral oil|drug_n
25-O-desacetyl metabolites|drug_n
25-O-desacetylrifabutin|drug_n
25-O-desacetylrifabutin|drug_n
5-DFCR|drug_n
5-DFUR|drug_n
5-FU|drug_n
FBAL|drug_n
norbuprenorphine|drug_n
hydrodolasetron|drug_n
hydrodolasetron|drug_n
hydrodolasetron|drug_n
hydrodolasetron|drug_n
hydrodolasetron|drug_n
18-Methoxycoronaridine|drug_n
18-MC|drug_n
ibogaine|drug_n
18-MC|drug_n
ibogaine|drug_n
18-MC|drug_n
ibogaine|drug_n
18-MC|drug_n
ibogaine|drug_n
18-MC|drug_n
ibogaine|drug_n
18-MC|drug_n
ibogaine|drug_n
ibogaine|drug_n
18-MC|drug_n
ibogaine|drug_n
ibogaine|drug_n
18-MC|drug_n
Ibogaine|drug_n
18-MC|drug_n
Ibogaine|drug_n
18-MC|drug_n
Ibogaine|drug_n
18-MC|drug_n
18-MC|drug_n
ibogaine|drug_n
18-MC|drug_n
ibogaine|drug_n
18-MC|drug_n
ibogaine|drug_n
ibogaine|drug_n
18-MC|drug_n
18-MC|drug_n
ibogaine|drug_n
Paricalcitol|drug_n
bombesin|drug_n
azoxymethane|drug_n
bombesin|drug_n
azoxymethane|drug_n
AOM|drug_n
AOM|drug_n
bombesin|drug_n
Bombesin|drug_n
bombesin|drug_n
bombesin|drug_n
nortriptyline|drug_n
coumaphos|drug_n
coumaphos|drug_n
trichlorfon|drug_n
coumaphos|drug_n
trichlorfon|drug_n
coumaphos|drug_n
trichlorfon|drug_n
coumaphos|drug_n
coumaphos|drug_n
coumaphos|drug_n
ginsenosides|drug_n
ginsenosides|drug_n
ginsenosides|drug_n
ginsenosides|drug_n
omega-conotoxin GVIA|drug_n
omega-agatoxin IVA|drug_n
ginsenosides|drug_n
ginsenosides|drug_n
ginsenosides|drug_n
omega-conotoxin GVIA|drug_n
omega-agatoxin IVA|drug_n
omega-conotoxin GVIA|drug_n
omega-agatoxin VIA|drug_n
ginsenosides|drug_n
para-aminobenzoic acid|drug_n
PABA|drug_n
AAV2|drug_n
adeno-associated virus-2|drug_n
AAV2|drug_n
AAV2|drug_n
collagenase|drug_n
hyaluronan lyase|drug_n
heparinase III|drug_n
chondroitin ABC lyase|drug_n
heparinase III|drug_n
chondroitin ABC lyase|drug_n
Hyaluronan lyase|drug_n
collagenase|drug_n
heparinase III|drug_n
chondroitin ABC lyase|drug_n
AAV2|drug_n
heparinase III|drug_n
chondroitin ABC lyase|drug_n
VMA|drug_n
vanillylmandelic acid|drug_n
VMA|drug_n
vanillin|drug_n
heroin|drug_n
filipin|drug_n
filipin|drug_n
filipin|drug_n
filipin|drug_n
filipin|drug_n
EGF|drug_n
transferrin|drug_n
EGF|drug_n
transferrin|drug_n
EGF|drug_n
EGF|drug_n
EGF|drug_n
EGF|drug_n
sodium perchlorate|drug_n
sodium perchlorate|drug_n
perchlorate|drug_n
perchlorate|drug_n
perchlorate|drug_n
acetaldehyde|drug_n
methanol|drug_n
alcohols|drug_n
acetaldehyde|drug_n
acetaldehyde|drug_n
Type II pyrethroid|drug_n
6MNA|drug_n
6MNA|drug_n
6MNA|drug_n
iron|drug_n
iron|drug_n
iron|drug_n
iron|drug_n
iron|drug_n
KRM-1648|drug_n
benzoxazinorifamycin|drug_n
KRM-1648|drug_n
KRM-1648|drug_n
KRM-1648|drug_n
KRM-1648|drug_n
sodium dodecyl sulfate|drug_n
hydroxyitraconazole|drug_n
desmethylastermizole|drug_n
spermidine|drug_n
putrescine|drug_n
spermidine|drug_n
resveratrol|drug_n
Resveratrol|drug_n
resveratrol|drug_n
Resveratrol|drug_n
L-NAME|drug_n
reseveratrol|drug_n
resveratrol|drug_n
resveratrol|drug_n
resveratrol|drug_n
resveratrol|drug_n
methylglyoxal|drug_n
methylglyoxal|drug_n
methylglyoxal|drug_n
methylglyoxal|drug_n
methylglyoxal|drug_n
methylglyoxal|drug_n
Thiolated carboxymethylcellulose|drug_n
sodium carboxymethylcellulose|drug_n
NaCMC|drug_n
carboxymethylcellulose-cysteine|drug_n
CMC-Cys|drug_n
NaCMC|drug_n
NaCMC|drug_n
NaCMC|drug_n
CMC-Cys|drug_n
NaCMC|drug_n
NaCMC|drug_n
NaCMC|drug_n
CMC-Cys|drug_n
NaCMC|drug_n
4-hydroxy-estazolam|drug_n
neurotensin|drug_n
enkephalins|drug_n
tuftsin|drug_n
neurotensin|drug_n
enkephalins|drug_n
D-Ala2-metenkephalinamide|drug_n
tuftsin|drug_n
neurotensin|drug_n
enkephalins|drug_n
neurotensin|drug_n
tuftsin|drug_n
neurotensin|drug_n
tuftsin|drug_n
16,16-dimethylprostaglandin E2|drug_n
16,16-dimethylprostaglandin E2|drug_n
dmPGE2|drug_n
dmPGE2|drug_n
dmPGE2|drug_n
dmPGE2|drug_n
dmPGE2|drug_n
dmPGE2|drug_n
dmPGE2|drug_n
dmPGE2|drug_n
dmPGE2|drug_n
N-methyllevallorphan|drug_n
N-methyllevallorphan|drug_n
dmPGE2|drug_n
paraxanthine|drug_n
hydroxylated fenoprofen|drug_n
endoxifen|drug_n
endoxifen|drug_n
imexon|drug_n
hemantane|drug_n
hemantane|drug_n
(2-adamantyl)hexamethylenimine|drug_n
1-methyl-4-phenyl-1,2,3,4-tetrahydropyridine|drug_n
MPTP|drug_n
MPTP|drug_n
hemantane|drug_n
thimerosal|drug_n
