EMCYT|brand
Betaseron|brand
Betaseron|brand
Betaseron|brand
Betaseron|brand
AUGMENTIN XR|brand
AUGMENTIN XR|brand
AUGMENTIN XR|brand
AUGMENTIN XR|brand
ROMAZICON|brand
ROMAZICON|brand
ROMAZICON|brand
ROMAZICON|brand
ROMAZICON|brand
ROMAZICON|brand
ROMAZICON|brand
ROMAZICON|brand
PEGASYS|brand
PEGASYS|brand
PEGASYS|brand
COPEGUS|brand
PEGASYS|brand
COPEGUS|brand
PEGASYS|brand
PEGASYS|brand
PEGASYS|brand
PEGASYS|brand
PEGASYS|brand
PEGASYS|brand
PEGASYS|brand
PEGASYS|brand
PEGASYS|brand
PEGASYS|brand
PEGASYS|brand
PEGASYS|brand
COPEGUS|brand
COPEGUS|brand
PEGASYS|brand
COPEGUS|brand
PEGASYS|brand
COPEGUS|brand
PEGASYS|brand
PEGASYS|brand
COPEGUS|brand
PEGASYS|brand
PEGASYS|brand
COPEGUS|brand
PEGASYS|brand
COPEGUS|brand
TRACLEER|brand
TRACLEER|brand
Ortho-Novum|brand
TRACLEER|brand
TRACLEER|brand
TRACLEER|brand
TRACLEER|brand
WELLBUTRIN|brand
WELLBUTRIN|brand
WELLBUTRIN|brand
WELLBUTRIN|brand
WELLBUTRIN|brand
WELLBUTRIN|brand
WELLBUTRIN|brand
ORENCIA|brand
ORENCIA|brand
ORENCIA|brand
ORENCIA|brand
ORENCIA|brand
DETROL LA|brand
TRICOR|brand
TRICOR|brand
TRICOR|brand
TRICOR|brand
TRICOR|brand
TRICOR|brand
TRICOR|brand
ENABLEX|brand
ENABLEX|brand
ENABLEX|brand
HEXALEN|brand
HEXALEN|brand
HEXALEN|brand
ETHYOL|brand
GABITRIL|brand
GABITRIL|brand
GABITRIL|brand
GABITRIL|brand
GABITRIL|brand
INVEGA|brand
INVEGA|brand
INVEGA|brand
INVEGA|brand
DITROPAN XL|brand
Mylotarg|brand
Mylotarg|brand
Videx|brand
Robinul|brand
Robinul|brand
Antizol|brand
Antizol|brand
Antizol|brand
Keflex|brand
aspirin|brand
PRINIVIL|brand
PRINIVIL|brand
PRINIVIL|brand
PRINIVIL|brand
PRINIVIL|brand
PRINIVIL|brand
PRINIVIL|brand
PRINIVIL|brand
PRINIVIL|brand
PRINIVIL|brand
PRINIVIL|brand
PRINIVIL|brand
PRINIVIL|brand
PRINIVIL|brand
Trecator-SC|brand
Nydrazid|brand
Sonata|brand
Sonata|brand
Sonata|brand
Sonata|brand
Sonata|brand
Sonata|brand
Sonata|brand
Sonata|brand
Sonata|brand
SPIRIVA|brand
SPIRIVA|brand
INSPRA|brand
INSPRA|brand
INSPRA|brand
INSPRA|brand
INSPRA|brand
INSPRA|brand
INSPRA|brand
aspirin|brand
Aspirin|brand
ZOLADEX|brand
Aspirin|brand
aspirin|brand
Zarontin|brand
Methergine|brand
Starlix|brand
Starlix|brand
Starlix|brand
Starlix|brand
Starlix|brand
Starlix|brand
Starlix|brand
Starlix|brand
Starlix|brand
Starlix|brand
Neurontin|brand
Neurontin|brand
Neurontin|brand
Neurontin|brand
Neurontin|brand
Neurontin|brand
Neurontin|brand
Maalox|brand
Maalox|brand
Maalox|brand
Maalox|brand
Matulane|brand
Neulasta|brand
Neulasta|brand
MYCAMINE|brand
MYCAMINE|brand
MYCAMINE|brand
MYCAMINE|brand
MYCAMINE|brand
Trileptal|brand
Trileptal|brand
Trileptal|brand
Trileptal|brand
Trileptal|brand
Trileptal|brand
Trileptal|brand
Trileptal|brand
Trileptal|brand
Trileptal|brand
Trileptal|brand
Trileptal|brand
Trileptal|brand
Ocupress|brand
Soriatane|brand
Soriatane|brand
Soriatane|brand
Soriatane|brand
Aspirin|brand
aspirin|brand
VIOXX|brand
VIOXX|brand
Aspirin|brand
aspirin|brand
VIOXX|brand
VIOXX|brand
aspirin|brand
VIOXX|brand
aspirin|brand
VIOXX|brand
aspirin|brand
VIOXX|brand
aspirin|brand
VIOXX|brand
VIOXX|brand
aspirin|brand
VIOXX|brand
VIOXX|brand
VIOXX|brand
VIOXX|brand
VIOXX|brand
VIOXX|brand
VIOXX|brand
VIOXX|brand
VIOXX|brand
VIOXX|brand
VIOXX|brand
HEMABATE|brand
MIVACRON|brand
MIVACRON|brand
MIVACRON|brand
MIVACRON|brand
MIVACRON|brand
MIVACRON|brand
MIVACRON|brand
MIVACRON|brand
MIVACRON|brand
MIVACRON|brand
MIVACRON|brand
VESIcare|brand
VESIcare|brand
DOSTINEX|brand
ZAVESCA|brand
Cerezyme|brand
Cerezyme|brand
Cerezyme|brand
ZAVESCA|brand
Tilade|brand
VISTIDE|brand
VISTIDE|brand
VISTIDE|brand
UROXATRAL|brand
UROXATRAL|brand
BARACLUDE|brand
BARACLUDE|brand
BARACLUDE|brand
ACEON|brand
ACEON|brand
ACEON|brand
ACEON|brand
ACEON|brand
NovoLog|brand
NovoLog|brand
NovoLog|brand
NovoLog|brand
NovoLog|brand
NovoLog|brand
NovoLog|brand
NovoLog|brand
NovoLog|brand
Rocaltrol|brand
ERGAMISOL|brand
TEMODAR|brand
co-trimoxazole|brand
VUMON|brand
LEXAPRO|brand
LEXAPRO|brand
Aspirin|brand
aspirin|brand
LEXAPRO|brand
LEXAPRO|brand
Celexa|brand
LEXAPRO|brand
LEXAPRO|brand
Celexa|brand
Cytadren|brand
EXTRANEAL|brand
EXTRANEAL|brand
EXTRANEAL|brand
EXTRANEAL|brand
EXTRANEAL|brand
EXTRANEAL|brand
EXTRANEAL|brand
EXTRANEAL|brand
EXTRANEAL|brand
Implanon|brand
Implanon|brand
Implanon|brand
MYKROX|brand
MYKROX|brand
MYKROX|brand
TAMBOCOR|brand
TAMBOCOR|brand
TAMBOCOR|brand
TAMBOCOR|brand
TAMBOCOR|brand
TAMBOCOR|brand
TAMBOCOR|brand
TAMBOCOR|brand
TAMBOCOR|brand
TAMBOCOR|brand
TAMBOCOR|brand
D.H.E. 45|brand
D.H.E. 45|brand
D.H.E. 45|brand
D.H.E. 45|brand
D.H.E. 45|brand
D.H.E. 45|brand
D.H.E. 45|brand
Kineret|brand
Kineret|brand
Kineret|brand
Gantanol|brand
PURINETHOL|brand
TABLOID|brand
ELSPAR|brand
ELSPAR|brand
ELSPAR|brand
MONUROL|brand
MONUROL|brand
Tylenol|brand
Dilantin|brand
Tegretol|brand
Trileptal|brand
Topamax|brand
Felbatol|brand
Gris-PEG|brand
Nizoral|brand
Sporanox|brand
Lipitor|brand
Atromid-S|brand
Neoral|brand
Sandimmune|brand
Agenerase|brand
Crixivan|brand
Fortovase|brand
Invirase|brand
Kaletra|brand
Norvir|brand
Viracept|brand
Astramorph|brand
Kadian|brand
MS Contin|brand
Prelone|brand
rifadin|brand
Theo-Dur|brand
Aspirin|brand
Maalox|brand
ALLEGRA|brand
ALLEGRA|brand
DILAUDID|brand
Maalox TC|brand
aspirin|brand
Trilisate|brand
Disalcid|brand
Magan|brand
Pepto-Bismol|brand
Motrin|brand
Advil|brand
Nuprin|brand
Orudis|brand
Orudis KT|brand
Oruvail|brand
Voltaren|brand
Cataflam|brand
Lodine|brand
Indocin|brand
Relafen|brand
Daypro|brand
Anaprox|brand
Naprosyn|brand
Aleve|brand
Bactrim|brand
Septra|brand
Gantrisin|brand
Azulfidine|brand
Marplan|brand
Parnate|brand
Nardil|brand
Inderal|brand
Tenormin|brand
Sectral|brand
Lopressor|brand
Hydrodiuril|brand
Diuril|brand
Deltasone|brand
Orasone|brand
Medrol|brand
Prelone|brand
Pediapred|brand
Thorazine|brand
Prolixin|brand
Permitil|brand
Compazine|brand
Phenergan|brand
Dilantin|brand
Nydrazid|brand
Rifadin|brand
Rifamate|brand
INOmax|brand
INOmax|brand
Seroquel|brand
ZIAGEN|brand
LODOSYN|brand
LODOSYN|brand
AMEVIVE|brand
AMEVIVE|brand
AMEVIVE|brand
AMEVIVE|brand
AMEVIVE|brand
AMEVIVE|brand
AMEVIVE|brand
AMEVIVE|brand
AMEVIVE|brand
AMEVIVE|brand
AMEVIVE|brand
AMEVIVE|brand
AMEVIVE|brand
AMEVIVE|brand
AMEVIVE|brand
AVASTIN|brand
AVASTIN|brand
AVASTIN|brand
AVASTIN|brand
AVASTIN|brand
LEVULAN KERASTICK|brand
LEVULAN KERASTICK|brand
EQUETROTM|brand
EQUETROTM|brand
EQUETROTM|brand
EQUETROTM|brand
EQUETROTM|brand
EQUETROTM|brand
EQUETROTM|brand
EQUETROTM|brand
EQUETROTM|brand
EQUETROTM|brand
EQUETROTM|brand
EQUETROTM|brand
EQUETROTM|brand
EQUETROTM|brand
ZANOSAR|brand
ZANOSAR|brand
Cerebyx|brand
Cerebyx|brand
Cerebyx|brand
Cerebyx|brand
Cerebyx|brand
DIFFERIN|brand
DIFFERIN|brand
DIFFERIN|brand
aspirin|brand
ZINECARD|brand
ZINECARD|brand
AXERT|brand
AXERT|brand
AXERT|brand
AXERT|brand
Aspirin|brand
Ponstel|brand
aspirin|brand
Ponstel|brand
Ponstel|brand
NIZORAL|brand
NIZORAL|brand
NIZORAL|brand
NIZORAL|brand
NIZORAL|brand
TNKase|brand
TNKase|brand
aspirin|brand
TNKase|brand
TNKase|brand
Cefizox|brand
Prostin VR Pediatric|brand
Caverject|brand
LEVSIN|brand
LEVSIN|brand
LEVSIN|brand
PERSANTINE|brand
aspirin|brand
Videx|brand
aspirin|brand
PROCRIT|brand
CANCIDAS|brand
CANCIDAS|brand
CANCIDAS|brand
CANCIDAS|brand
CANCIDAS|brand
CANCIDAS|brand
CANCIDAS|brand
CANCIDAS|brand
CANCIDAS|brand
CANCIDAS|brand
NEUPOGEN|brand
Nimotop|brand
Nimotop|brand
REGRANEX|brand
REGRANEX|brand
Femara|brand
Femara|brand
Femara|brand
Antabuse|brand
aspirin|brand
sandimmune|brand
sandimmune|brand
sandimmune|brand
Adenocard|brand
Adenocard|brand
Adenocard|brand
Adenocard|brand
METROGEL|brand
Aricept|brand
NORVIR|brand
INDOCIN|brand
INDOCIN|brand
aspirin|brand
INDOCIN|brand
INDOCIN|brand
INDOCIN|brand
INDOCIN|brand
INDOCIN|brand
INDOCIN|brand
INDOCIN|brand
INDOCIN|brand
INDOCIN|brand
INDOCIN|brand
INDOCIN|brand
INDOCIN|brand
INDOCIN|brand
INDOCIN|brand
INDOCIN|brand
INDOCIN|brand
INDOCIN|brand
INDOCIN|brand
INDOCIN|brand
INDOCIN|brand
INDOCIN|brand
INDOCIN|brand
INDOCIN|brand
INDOCIN|brand
INDOCIN|brand
INDOCIN|brand
Aspirin|brand
aspirin|brand
aspirin|brand
aspirin|brand
aspirin|brand
aspirin|brand
CEFOTAN|brand
CEFOTAN|brand
CEFOTAN|brand
NUROMAX|brand
NUROMAX|brand
NUROMAX|brand
NUROMAX|brand
NUROMAX|brand
NUROMAX|brand
aspirin|brand
aspirin|brand
aspirin|brand
aspirin|brand
FLUOTHANE|brand
FLUOTHANE|brand
FLUOTHANE|brand
aspirin|brand
Aspirin|brand
Exelon|brand
Exelon|brand
Exelon|brand
FLEXERIL|brand
FLEXERIL|brand
MEXITIL|brand
Mexitil|brand
Mexitil|brand
Mexitil|brand
Mexitil|brand
Mexitil|brand
Mexitil|brand
Mexitil|brand
Mexitil|brand
Mexitil|brand
Mexitil|brand
Mexitil|brand
Mexitil|brand
Mexitil|brand
Mexitil|brand
Mexitil|brand
Mexitil|brand
Mexitil|brand
DIDREX|brand
Angiomax|brand
Angiomax|brand
Angiomax|brand
Angiomax|brand
Angiomax|brand
Angiomax|brand
IOPIDINE|brand
IOPIDINE|brand
Bezalip|brand
Bezalip retard|brand
Bezalip|brand
Bezalip retard|brand
Bezalip|brand
Bezalip|brand
Bezalip|brand
Bezalip retard|brand
Bezalip|brand
Bezalip retard|brand
Bezalip|brand
Bezalip retard|brand
Bezalip|brand
Bezalip retard|brand
Aranesp|brand
Posicor|brand
ELLENCE|brand
ELLENCE|brand
ELLENCE|brand
ELLENCE|brand
ELLENCE|brand
TAXOL|brand
TAXOL|brand
TAXOL|brand
TAXOL|brand
TAXOL|brand
TAXOL|brand
TAXOL|brand
TAXOL|brand
TAXOL|brand
TAXOL|brand
TAXOL|brand
TAXOL|brand
TAXOL|brand
TAXOL|brand
TAXOL|brand
TAXOL|brand
TAXOL|brand
TAXOL|brand
TAXOL|brand
TAXOL|brand
TAXOL|brand
TAXOL|brand
TAXOL|brand
TAXOL|brand
TAXOL|brand
ALIMTA|brand
ALIMTA|brand
ALIMTA|brand
ALIMTA|brand
ALIMTA|brand
ALIMTA|brand
ALIMTA|brand
ALIMTA|brand
Ritalin|brand
Ritalin|brand
Ritalin|brand
ZOLINZA|brand
ZOLINZA|brand
ZOLINZA|brand
BROVANA|brand
BROVANA|brand
BROVANA|brand
BROVANA|brand
BROVANA|brand
BROVANA|brand
BROVANA|brand
BROVANA|brand
BROVANA|brand
BROVANA|brand
ERGOMAR|brand
ERGOMAR|brand
Keppra|brand
Keppra|brand
Keppra|brand
Keppra|brand
Keppra|brand
Keppra|brand
Keppra|brand
Keppra|brand
Keppra|brand
Targretin|brand
Targretin|brand
LAMISIL|brand
Pulmozyme|brand
REFLUDAN|brand
SULAR|brand
SULAR|brand
SULAR|brand
Desyrel|brand
Vidaza|brand
PEG-Intron|brand
TORADOL|brand
TORADOL|brand
TORADOL|brand
TORADOL|brand
TORADOL|brand
TORADOL|brand
TORADOL|brand
TORADOL|brand
TORADOL|brand
TORADOL|brand
TORADOL|brand
TORADOL|brand
TORADOL|brand
ATACAND|brand
Aleve|brand
NIMBEX|brand
NIMBEX|brand
NIMBEX|brand
NIMBEX|brand
NIMBEX|brand
NIMBEX|brand
NIMBEX|brand
NIMBEX|brand
NIMBEX|brand
NIMBEX|brand
NIMBEX|brand
NIMBEX|brand
NIMBEX|brand
NIMBEX|brand
NIMBEX|brand
ZYVOX|brand
ZYVOX|brand
ZYVOX|brand
ZYVOX|brand
Retavase|brand
aspirin|brand
Retavase|brand
ELDEPRYL|brand
ELDEPRYL|brand
Maalox|brand
EDECRIN|brand
EDECRIN|brand
SUBUTEX|brand
SUBOXONE|brand
SUBUTEX|brand
SUBUTEX|brand
SUBOXONE|brand
SUBOXONE|brand
SUBUTEX|brand
Ultram|brand
ZADAXIN|brand
ZADAXIN|brand
ZADAXIN|brand
TRISENOX|brand
TRISENOX|brand
Aspirin|brand
aspirin|brand
Factrel|brand
Factrel|brand
Natrecor|brand
Natrecor|brand
Natrecor|brand
Permax|brand
Permax|brand
Lotensin|brand
Lotensin|brand
Lotensin|brand
Lotensin|brand
Lotensin|brand
Geocillin|brand
Zemplar|brand
Zemplar|brand
MEPRON|brand
MEPRON|brand
MEPRON|brand
MEPRON|brand
MEPRON|brand
Aspirin|brand
aspirin|brand
aspirin|brand
aspirin|brand
aspirin|brand
aspirin|brand
aspirin|brand
Levo-Dromoran|brand
Levo-Dromoran|brand
Levo-Dromoran|brand
Levo-Dromoran|brand
Sensipar|brand
Sensipar|brand
Sensipar|brand
Sensipar|brand
Sensipar|brand
Sensipar|brand
Sensipar|brand
REVLIMID|brand
ERBITUX|brand
ERBITUX|brand
TARCEVA|brand
TARCEVA|brand
TARCEVA|brand
TARCEVA|brand
TARCEVA|brand
VIDEX|brand
VIDEX|brand
VIDEX|brand
VIDEX|brand
VIDEX|brand
VIDEX|brand
VIDEX|brand
VIDEX|brand
VIDEX|brand
VIDEX|brand
VIDEX|brand
VIDEX|brand
VIDEX|brand
Tiazac|brand
VAPRISOL|brand
Imitrex|brand
Coumadin|brand
Tegretol|brand
Tagamet|brand
Prozac|brand
Sporanox|brand
Nizoral|brand
FELDENE|brand
FELDENE|brand
FELDENE|brand
FELDENE|brand
aspirin|brand
FELDENE|brand
FELDENE|brand
EULEXIN|brand
ZEVALIN|brand
ZEVALIN|brand
SYNAREL|brand
Soliris|brand
Tylenol|brand
Chloromycetin|brand
Pronestyl|brand
MICRONASE|brand
MICRONASE|brand
MICRONASE|brand
MICRONASE|brand
aspirin|brand
REMERON SolTab|brand
REMERON SolTab|brand
REMERON SolTab|brand
REMERON|brand
REMERON SolTab|brand
REMERON|brand
REMERON SolTab|brand
ZEBETA|brand
ZEBETA|brand
ZEBETA|brand
ZEBETA|brand
ZEBETA|brand
ZEBETA|brand
ZEBETA|brand
PROLEUKIN|brand
PROLEUKIN|brand
PROLEUKIN|brand
PROLEUKIN|brand
PROLEUKIN|brand
PROLEUKIN|brand
PROLEUKIN|brand
PROLEUKIN|brand
PROLEUKIN|brand
PROLEUKIN|brand
PROLEUKIN|brand
PROSTIN E2|brand
Rocaltrol|brand
INAPSINE|brand
INAPSINE|brand
INAPSINE|brand
FACTIVE|brand
FACTIVE|brand
FACTIVE|brand
FACTIVE|brand
Videx|brand
FACTIVE|brand
FACTIVE|brand
IRESSA|brand
IRESSA|brand
IRESSA|brand
IRESSA|brand
IRESSA|brand
Gleevec|brand
Gleevec|brand
Gleevec|brand
Gleevec|brand
Gleevec|brand
Gleevec|brand
Gleevec|brand
Gleevec|brand
Gleevec|brand
Gleevec|brand
Gleevec|brand
Gleevec|brand
Gleevec|brand
COLAZAL|brand
AMERGE|brand
NovoSeven|brand
NovoSeven|brand
NovoSeven|brand
Maalox|brand
Aspirin|brand
aspirin|brand
BOTOX|brand
TOLECTIN|brand
TOLECTIN|brand
TOLECTIN|brand
TOLECTIN|brand
TOLECTIN|brand
PROPECIA|brand
PROSCAR|brand
LEUSTATIN|brand
LEUSTATIN|brand
FLUDARA|brand
Anafranil|brand
Anafranil|brand
Anafranil|brand
Anafranil|brand
Anafranil|brand
Anafranil|brand
Anafranil|brand
Anafranil|brand
Anafranil|brand
AKINETON|brand
DURAGESIC|brand
DURAGESIC|brand
DURAGESIC|brand
DURAGESIC|brand
CASODEX|brand
CASODEX|brand
TOBI|brand
TOBI|brand
PULMOZYME|brand
TOBI|brand
TOBI|brand
ENBREL|brand
ENBREL|brand
ENBREL|brand
ENBREL|brand
ENBREL|brand
ENBREL|brand
ENBREL|brand
Maalox TC|brand
OMNICEF|brand
OMNICEF|brand
OMNICEF|brand
OMNICEF|brand
OMNICEF|brand
STADOL NS|brand
STADOL NS|brand
STADOL NS|brand
STADOL NS|brand
STADOL NS|brand
STADOL NS|brand
IMITREX|brand
STADOL NS|brand
STADOL NS|brand
STADOL NS|brand
STADOL NS|brand
EVISTA|brand
EVISTA|brand
EVISTA|brand
EVISTA|brand
Survanta|brand
Survanta|brand
Survanta|brand
Survanta|brand
Survanta|brand
Cetrotide|brand
SPRYCEL|brand
SPRYCEL|brand
SPRYCEL|brand
SPRYCEL|brand
SPRYCEL|brand
SPRYCEL|brand
SPRYCEL|brand
SPRYCEL|brand
SPRYCEL|brand
SPRYCEL|brand
SPRYCEL|brand
SPRYCEL|brand
SPRYCEL|brand
SPRYCEL|brand
AVONEX|brand
TYSABRI|brand
TYSABRI|brand
AVONEX|brand
AVONEX|brand
TYSABRI|brand
TYSABRI|brand
AVONEX|brand
Vitrasert|brand
Vitrasert|brand
Alupent|brand
ZEMURON|brand
ZEMURON|brand
ZEMURON|brand
ZEMURON|brand
Viagra|brand
HERCEPTIN|brand
HERCEPTIN|brand
HERCEPTIN|brand
HERCEPTIN|brand
VELCADE|brand
VELCADE|brand
VELCADE|brand
DOXIL|brand
DOXIL|brand
DOXIL|brand
Streptase|brand
Streptase|brand
aspirin|brand
aspirin|brand
aspirin|brand
Solganal|brand
Myochrysine|brand
Depen|brand
Cuprimine|brand
TYKERB|brand
TYKERB|brand
Maalox|brand
Maalox TC|brand
Aspirin|brand
aspirin|brand
aspirin|brand
Lamprene|brand
Sanctura|brand
Sanctura|brand
Sanctura|brand
Sanctura|brand
Sanctura|brand
Sanctura|brand
ALKERAN|brand
VERSED Syrup|brand
VERSED Syrup|brand
VERSED Syrup|brand
VERSED Syrup|brand
Leukine|brand
Leukine|brand
REMICADE|brand
TRENTAL|brand
TRENTAL|brand
TRENTAL|brand
TRENTAL|brand
Purinethol|brand
Imuran|brand
Plenaxis|brand
Plenaxis|brand
Plenaxis|brand
Plenaxis|brand
Plenaxis|brand
Prostigmin|brand
PIPRACIL|brand
PIPRACIL|brand
ProSom|brand
BREVIBLOC|brand
BREVIBLOC|brand
BREVIBLOC|brand
BREVIBLOC|brand
BREVIBLOC|brand
BREVIBLOC|brand
BREVIBLOC|brand
BREVIBLOC|brand
BREVIBLOC|brand
BREVIBLOC|brand
BREVIBLOC|brand
BREVIBLOC|brand
Zmax|brand
Celontin|brand
Xigris|brand
Xigris|brand
Xigris|brand
Xigris|brand
Xigris|brand
Xigris|brand
Xigris|brand
Videx|brand
Penthrane|brand
Activase|brand
Activase|brand
Aspirin|brand
Activase|brand
aspirin|brand
Activase|brand
aspirin|brand
Activase|brand
FROVA|brand
FROVA|brand
FROVA|brand
gelusil|brand
gelusil|brand
Mentax|brand
aspirin|brand
aspirin|brand
Nalfon|brand
aspirin|brand
aspirin|brand
Nalfon|brand
Nalfon|brand
Nalfon|brand
Nalfon|brand
Nalfon|brand
Nalfon|brand
ZERIT|brand
WelChol|brand
WelChol|brand
WelChol|brand
Calan SR|brand
WelChol|brand
Lovenox|brand
DIAMOX|brand
DIAMOX|brand
DIAMOX|brand
PLETAL|brand
PLETAL|brand
Pletal|brand
ZETIA|brand
ZETIA|brand
ZETIA|brand
ZETIA|brand
ZETIA|brand
ZETIA|brand
ZETIA|brand
ZETIA|brand
ZETIA|brand
Marplan|brand
Nardil|brand
Matulane|brand
Eldepryl|brand
Parnate|brand
TRANXENE|brand
TRANXENE|brand
TRANXENE|brand
EMTRIVA|brand
HUMIRA|brand
HUMIRA|brand
HUMIRA|brand
HUMIRA|brand
KEMSTRO|brand
KEMSTROTM|brand
Dantrium|brand
Dantrium|brand
Omniscan|brand
Omniscan|brand
COPAXONE|brand
COPAXONE|brand
COPAXONE|brand
COPAXONE|brand
SKELAXIN|brand
Imitrex|brand
Zofran|brand
Kytril|brand
BUSULFEX|brand
BUSULFEX|brand
BUSULFEX|brand
BUSULFEX|brand
Trecator|brand
Trecator|brand
MEVACOR|brand
